[
  {
    "username": "newUser",
    "email": "new@example.com",
    "password": "securePass"
  },
  {
    "username": "Hemakoti",
    "email": "hemakotibonthada@gmail.com",
    "password": "Hemakoti@003"
  },
  {
    "username": "Tejasri",
    "email": "tejasriveeranki.113@gmail.com",
    "password": "Hemakoti@003"
  },
  {
    "username": "vijay",
    "email": "vijay@gmail.com",
    "password": "Hemakoti@003"
  },
  {
    "username": "manoj",
    "email": "manoj@tcs.com",
    "password": "Hemakoti@003"
  },
  {
    "username": "abc",
    "email": "abc@gmail.com",
    "password": "abc"
  },
  {
    "username": "Hemakoti1",
    "email": "hemakotibonthada@gmail.com",
    "password": "Hemakoti@003"
  }
]